"Razón Social","RFC","Dirección","Municipio","Tipo/Calibre","Precio","Moneda","Unidad","Teléfono","Sitio Web","Email","Fuente (URL)","Notas"
"Kloeckner Metals Monterrey","No publicado","Av. Nafta #620, CP 66600","Apodaca","Hot Rolled Pickled & Oiled, Cold Rolled, Galvanizado; Inox 301/304/304L/316L; Aluminio 3003/5052; espesor 0.011"" a 0.187""","Cotizar","","","(52) 81-1253-0800","kloecknermetals.com","","https://www.kloecknermetals.com/branches/monterrey/","Centro de servicio: grúa 33 ton, 160,000 sq ft; certificaciones IATF 16949, ISO 14001, ISO 45001"
"Materiales y Aceros Apodaca","No publicado","Dirección no publicada en sitio","Apodaca","Aceros, varilla, perfiles; servicio de corte y dimensionado","Cotizar","","","+52 81 1910 6820 / +52 81 83 86 2488 / +52 81 8479 4079","materialesyacerosapodaca.com","ventas1@materialesyacerosapodaca.com","https://materialesyacerosapodaca.com/","Municipio inferido del nombre comercial (no confirmado en sitio)"
"Galvasid S.A. de C.V.","No publicado","Dirección no publicada en sitio","Apodaca","Rollos, hojas lisas, cintas, acanalados; acabados: galvanizado, aluminio-zinc, pintura, pintura texturizada, película plástica, embozado","Cotizar","","","+52 (81) 1156-0000","galvasid.com","contacto@galvasid.com","https://www.galvasid.com/","Municipio referido en directorios externos (Apodaca); dirección exacta no publicada"
"ACEROS TREGONZA","No publicado","Av. Ruiz Cortines 5133, Col. Adolfo Prieto, CP 67120","Guadalupe","Lámina en general, perfiles metálicos, mallas, rodajas, material de ferretería","Cotizar","","","81-8379-1821 / 81-8334-9160 / 81-8377-4813","acerostregonza.com","tregonza@gmail.com","https://www.acerostregonza.com/","Más de 3 décadas de experiencia; entrega inmediata desde bodega"
"APILSA Aceros y Procesos Industriales Leija","No publicado","Reforma Agraria 601, Col. Las Escobas, CP 67133","Guadalupe","Lámina inoxidable, al carbón y aluminio; corte láser, plasma de alta definición, pantógrafo CNC","Cotizar","","","81-1520-0953","apilsa.com","ventas@apilsa.com","https://www.acerosleija.com/","Horario: Lun-Vie 08:00-18:00, Sáb 09:00-13:00"
"No publicado","No publicado","Guadalupe, NL (calle no publicada en sitio)","Guadalupe","Lámina rolada en caliente/frío/decapada, placa de rollo y grado, antiderrapante, galvanizado acanalada y lisa, PTR, HSS, polín Monten C y Z, tubo industrial C30/C40, vigas IPR/IPS, solera, canal CPS, ángulos, lámina desplegada, varilla corrugada, cold rolled 1045, solera 1018","Cotizar","","","811 555 8184","acerosymaterialesmty.com","tomas.estrella@hotmail.com","https://www.acerosymaterialesmty.com/","Razón social y dirección exacta no publicadas; email parece personal — pedir ficha fiscal por teléfono"
"ACEROS Y SERVICIOS DE MONTERREY","No publicado","Adolfo Ruiz Cortines Pte. esq. Churubusco, Col. Coyoacán, CP 64530","Monterrey","Placas metálicas, corte de acero","Cotizar","","","81-8379-9084 / 81-8379-9085 / 81-8379-5243","acerosyserviciosdemonterrey.com","ventas@asmsa.com.mx","https://www.acerosyserviciosdemonterrey.com/contacto.html","Sucursal adicional en Apodaca (Carr. Mezquital-Santa Rosa km 5.1, CP 66600, Tel 81-8208-1503)"
"Aceros Treviño","No publicado","Ruiz Cortines 3249, Col. Coyoacán, CP 64510","Monterrey","Lámina rolada en caliente, rolada en frío, galvanizada; placa A-36/A-572 GR.50/A-283 GR.C/A-285 GR.C; vigas IPR/H/IPS; tubería CED 30/40/80; ángulos; cold rolled 1018 redondo y cuadrado; varilla corrugada; malla electrosoldada","Cotizar","","","81-8144-8000","aceros-trevino.com","ventas@acerostrevino.com.mx","https://www.aceros-trevino.com/","Horario: Lun-Vie 08:00-18:00, Sáb 08:00-13:00"
"LÁMINAS CAVAZOS","No publicado","Lima 2722 esq. Manuel Peña y Peña, Col. Garza Nieto, CP 64420","Monterrey","Lámina en rollo y hoja, calibres 18 al 28, lisa y acanalada R101, galvanizada, pintro, policarbonato traslúcido; servicio de corte y maquila","Cotizar","","","81-8351-2749 / 81-1311-9492","laminascavazos.com","","https://www.laminascavazos.com/","Fabricación de molduras y flashing"
"LÁMINAS Y PRODUCTOS LUSA","No publicado","Escobedo 2636, Col. Victoria, CP 64520","Monterrey","Lámina galvanizada, pintro, losacero, lámina traslúcida policarbonato; perfiles estructurales (IPR, PTR, canal, ángulo); molduras metálicas personalizadas","Cotizar","","","81-8114-5626 / 81-1133-5608 / 81-8331-6831","acerosylaminaslusa.com","ventas@laminaslusa.com.mx","https://www.acerosylaminaslusa.com/","Más de 35 años de experiencia; entregas en todo el AMM"
"Ternium (Oficinas Churubusco)","No publicado","Av. Churubusco 1000, Col. Santa Fe, CP 64540","Monterrey","Acero plano y largo (productor integrado); ver portal Ternium para catálogo completo","Cotizar","","","(52) 81-8329-5000","amcen.ternium.com","","https://amcen.ternium.com/es/contactanos/nuestras-oficinas","Oficinas corporativas; centros de servicio operan desde San Nicolás y otras sedes"
"SOLUCIONES CREATIVAS EN ACERO SA DE CV (AceroMart)","No publicado","Dirección no publicada en sitio","Monterrey","Lámina acanalada, lámina engargolada, rollos y cintas (incluye productos Ternium), Multipanel para techo y muro, lámina traslúcida","Cotizar","","","81-8315-4187 / WhatsApp 81-2201-0340 / Ventas NL 81-2319-3828, 81-2200-8994","aceromart.com","ventas@aceromart.com","https://www.aceromart.com/contacto-aceromart/","Razón social legal confirmada en sitio; municipio inferido por contexto Monterrey"
"ACEROS FERCOM, S.A. DE C.V.","No publicado","Oficinas: La Rivera 1229, Col. Montenegro, CP 66376 | Carga/descarga: Acueducto 610, Col. El Lechugal, CP 66350","Santa Catarina","Acero estructural, acero para recipientes a presión, aceros maquinables (SAE), acero resistente a la abrasión/antidesgaste; corte a medida","Cotizar","","","+52 (81) 8336-1822 / +52 (81) 8336-1944","acerosfercom.com","ventas@acerosfercom.com","https://acerosfercom.com/contacto","Razón social formal confirmada en sitio"
"Integrinox, S.A. de C.V.","No publicado","Línea de Gas 204, Col. Industrial Nogalar, CP 66484","San Nicolás de los Garza","Rollos de acero inoxidable AISI 201/301/304/304L/310/316/316L/430/441; calibres 10, 11, 12, 13, 14, 16, 18, 20, 22, 24, 26; acabados 2B mate, P3, P4 pulido, BA espejo","Cotizar","","Kg o longitud","8119-300-260 (conmutador) / 8119-300-262 (ventas)","integrinox.com","","https://integrinox.com/acero-inoxidable/rollo.php","Bobinas de 4' y 5' de ancho; mayoreo"
"Ternium (Centro de Servicio Juventud)","No publicado","Av. Juventud 140, Col. Cuauhtémoc, CP 66450","San Nicolás de los Garza","Acero plano (centro de servicio Ternium)","Cotizar","","","(52) 81-8865-2828","amcen.ternium.com","","https://amcen.ternium.com/es/contactanos/nuestras-oficinas",""
"Ternium (Centro de Servicio Universidad)","No publicado","Av. Universidad 992 Nte., Col. Cuauhtémoc, CP 66450","San Nicolás de los Garza","Acero plano (centro de servicio Ternium)","Cotizar","","","(52) 81-8865-2828","amcen.ternium.com","","https://amcen.ternium.com/es/contactanos/nuestras-oficinas",""
"Acerotek","No publicado","Sede corporativa en San Nicolás de los Garza (dirección exacta no publicada). Sucursales: Santa Catarina, Colonia Fierro (Monterrey), Cd. de México","San Nicolás de los Garza","Rollos rolado en caliente, láminas, placa comercial, perfiles estructurales, alambres, varillas; calibres 3-14 (36""/48""), 16-20 (48"")","Cotizar","","","(81) 15-15-04-04 / (81) 81-34-40-00","acerotek.com.mx","contacto@acerotek.com","https://acerotek.com.mx/contacto/","Múltiples sucursales en AMM; pedir dirección exacta al contactar"
"LÁMINA Y PREFABRICADOS RAMÍREZ SA DE CV","No publicado","Escobedo 135, Fracc. Los Elizondo, CP 66050","General Escobedo","Acero galvanizado, pintado, al carbón, rolado en frío, galvaneal, zintro alum; servicios: corte, doblez, molduras, goterón, flashing, canales, caballetes, corte láser, soldadura MIG, nivelado y acanalado","Cotizar","","","81-8384-1180 / 81-8384-0551 / 81-8058-4411","laminasyprefabricadosramirez.com","ventas02@lypresa.com","https://www.laminasyprefabricadosramirez.com/","Más de 21 años de experiencia"
"Aceros Escobedo","No publicado","Av. Benito Juárez 806, Col. Lázaro Cárdenas, CP 66050","General Escobedo","Alambres y derivados, mallas electrosoldadas, perfiles, placas, láminas, ángulos, soleras, redondos, cuadrados, perfiles estructurales, vigas, canales","Cotizar","","","(81) 8058-1316 / WhatsApp (81) 1469-1250","acerosescobedo.com","","https://acerosescobedo.com/","Más de 35 años; distribuidor nacional, especializado en trefilado y transformación"
